DateTime,Epicenter,Lat,Long,Magnitude
1994-06-25 05:45:00,Dolakha,27.75,86.16,5.1
1994-07-17 11:00:00,Bajura,29.37,81.52,5.5
1994-09-25 11:00:00,Sankhuwasabha,28.34,87.35,4.8
1994-10-22 11:00:00,Jajarkot,29.0,82.26,4.6
1994-10-24 11:00:00,Jajarkot,28.92,82.0,4.7
1994-11-21 11:00:00,Bajhang,29.54,81.15,4.2
1994-11-27 11:00:00,Bajura,29.72,81.56,4.5
1994-12-12 11:00:00,Darchula,29.84,80.69,4.6
1994-12-13 11:00:00,Rukum,28.7,82.88,4.6
1995-01-19 11:00:00,Magdi,28.35,83.44,4.3
1995-01-29 11:00:00,Dhanusa,26.85,86.11,4.5
1995-01-30 11:00:00,Jumla,29.38,82.3,4.2
1995-01-30 11:00:00,Jumla,29.32,82.19,4.3
1995-02-18 11:00:00,Kavrepalanchowk,27.74,85.88,4.6
1995-04-17 11:00:00,Bajura,29.51,81.71,4.7
1995-06-11 11:00:00,Taplejung,27.22,87.95,4.2
1995-08-03 11:00:00,Humla,30.04,81.54,4.8
1995-08-07 11:00:00,Bajura,29.88,81.63,5.0
1995-10-04 11:15:00,Lamjung,28.27,84.44,4.7
1996-02-28 11:00:00,Udayapur,27.122,86.766,4.8
1996-04-26 11:00:00,Taplejung,27.935,87.705,5.3
1996-07-10 11:00:00,Mugu,29.616,81.98100000000001,4.6
1996-11-04 11:00:00,Mugu,29.63,81.859,4.9
1996-11-08 11:00:00,Humla,29.667,81.699,4.9
1996-12-03 11:00:00,Solukhumbu,27.39,86.84200000000001,5.3
1996-12-22 11:00:00,Dailekh,29.012,81.726,4.4
1996-12-29 11:00:00,Humla,29.75,81.828,5.2
1997-01-01 11:00:00,Udayapur,27.005,86.561,4.5
1997-01-05 11:00:00,Darchula,29.785,80.58800000000001,5.6
1997-01-31 11:00:00,Rasuwa,28.015,85.301,5.0
1997-01-31 11:00:00,Rasuwa,28.078000000000003,85.286,5.8
1997-02-01 11:00:00,Rasuwa,28.0,85.303,4.7
1997-02-03 11:00:00,Rasuwa,28.02,85.33,5.0
1997-02-03 11:00:00,Rasuwa,28.09,85.29,4.7
1997-02-10 11:00:00,Rasuwa,28.12,85.33,4.2
1997-02-18 11:00:00,Bajhang,29.52,81.33,4.4
1997-03-24 11:00:00,Rasuwa,28.06,85.28,5.0
1997-04-07 11:00:00,Solukhumbu,27.5,87.74600000000001,4.6
1997-05-28 11:00:00,Rukum,28.68,82.58,4.5
1997-10-11 11:00:00,Ramechhap,27.65,86.41,4.8
1997-10-24 11:00:00,Rukum,28.66,82.54,5.2
1997-11-26 11:00:00,Dolakha,27.75,86.0,4.3
1997-11-27 11:00:00,Solukhumbu,27.74,87.0,5.5
1997-12-08 11:00:00,Khotang,27.19,86.85,5.0
1998-02-12 11:00:00,Taplejung,27.59,88.19,4.6
1998-02-28 11:00:00,Panchthar,27.15,87.86,5.0
1998-05-10 11:00:00,Jumla,29.41,82.38,4.7
1998-05-16 11:00:00,Parsa,26.76,84.81700000000001,4.8
1998-06-27 11:00:00,Sankhuwasabha,27.866,85.81200000000001,5.0
1998-07-15 11:00:00,Bajhang,29.551,81.247,5.1
1998-09-03 11:00:00,Solukhumbu,27.873,86.964,5.6
1998-09-06 11:00:00,Solukhumbu,27.797,87.015,4.7
1998-09-10 11:00:00,Taplejung,27.444000000000003,88.33,5.0
1998-10-16 11:00:00,Sindhupalchowk,28.077,85.66,4.9
1998-11-26 11:00:00,Taplejung,27.859,87.814,5.4
1999-02-11 11:00:00,Myagdi,28.61,83.348,4.7
1999-02-19 11:00:00,Darchula,29.867,80.618,4.6
1999-03-19 11:00:00,Sindhupalchowk,27.934,85.834,4.8
1999-04-07 11:00:00,Bajhang,29.596,81.226,4.4
1999-08-10 11:00:00,Dolakha,27.795,86.208,5.7
1999-08-25 11:00:00,Gorkha,28.157,84.742,4.5
1999-09-20 11:00:00,Taplejung,27.38,87.897,4.5
1999-12-11 11:00:00,Humla,30.159,81.563,4.6
2000-01-20 11:00:00,Sindhupalchowk,27.928,86.06,4.8
2000-01-25 11:00:00,Taplejung,27.378,88.059,4.6
2000-02-26 11:00:00,Jajarkot,28.617,82.314,5.1
2000-03-13 11:00:00,Bajhang,29.77,81.41,4.2
2000-03-13 11:00:00,Taplejung,27.99,87.42,5.0
2000-03-13 11:00:00,Sankhuwasabha,27.73,87.71,5.1
2000-03-17 11:00:00,Sankhuwasabha,27.76,87.55,4.2
2000-06-02 11:00:00,Arghanchi,28.07,83.29,4.2
2000-09-02 11:00:00,Nuwakot,28.071,85.334,4.5
2000-12-31 11:00:00,Taplejung,27.84,87.71,4.1
2001-04-04 11:00:00,Dolakha,27.806,86.171,4.8
2001-04-15 11:00:00,Bajura,29.458,81.4,4.4
2001-07-11 11:00:00,Bajhang,29.507,81.39399999999999,4.3
2001-07-16 11:00:00,Gorkha,27.97,84.68,5.9
2001-07-16 11:00:00,Lamjung,28.29,84.27,4.8
2001-09-13 11:00:00,Darchula,29.821,80.64399999999999,5.0
2001-09-27 11:00:00,Udayapur,26.98,87.78,4.8
2001-10-27 11:00:00,Humla,29.56,81.46,4.7
2001-11-27 11:00:00,Mugu,29.53,81.81,5.8
2001-11-27 11:00:00,Mugu,29.63,81.79,5.7
2001-11-27 11:00:00,Mugu,29.52,81.99,5.2
2001-11-28 11:00:00,Mugu,29.59,81.77,4.5
2001-12-18 11:00:00,Mugu,29.58,81.8,4.8
2002-02-03 11:00:00,Dolakha,27.72,86.37,4.1
2002-04-09 11:00:00,Ramechhap,27.46,86.17399999999999,4.0
2002-04-15 11:00:00,Udayapur,26.87,86.31,4.0
2002-05-02 11:00:00,Solukhumbu,27.67,86.67,5.2
2002-06-04 11:00:00,Kanchanpur,28.79,80.53,4.0
2002-06-05 11:00:00,Kailali,28.86,80.75,4.0
2002-06-07 11:00:00,Kailali,28.77,81.12,4.0
2002-06-13 11:00:00,Dhading,28.23,84.86,4.0
2002-07-02 11:00:00,Parsa,27.17,84.82,4.1
2002-07-16 11:00:00,Sankhuwasava,27.75,87.36,4.3
2002-08-11 11:00:00,Udayapur,26.97,86.4,4.1
2002-09-09 11:00:00,Kailali,28.98,80.75,4.1
2002-10-09 11:00:00,Kaski,28.18,83.9,4.1
2002-10-11 11:00:00,Kaski,28.28,83.94,4.0
2002-11-20 11:00:00,Bajura,29.61,81.56,4.4
2003-06-23 11:00:00,Taplejung,27.79,87.97,4.8
2003-07-28 11:00:00,Rukum,28.75,82.52,4.5
2003-08-02 11:00:00,Mugu,29.51,82.1,4.4
2003-08-05 11:00:00,Sidhupalchowk,27.99,86.03,4.2
2003-09-24 11:00:00,Dailekh,28.99,81.96,4.3
2003-09-29 11:00:00,Taplejung,27.52,87.86,4.6
2003-10-29 11:00:00,Khotang,27.26,86.69,4.0
2003-11-05 11:00:00,Dolakha,27.78,86.16,4.1
2003-11-22 11:00:00,Kaski,28.47,83.91,5.0
2003-11-23 11:00:00,Kaski,28.3,83.88,4.4
2003-11-23 11:00:00,Kaski,28.45,83.94,4.5
2003-11-23 11:00:00,Kaski,28.41,83.97,3.6
2003-12-05 11:00:00,Kaski,28.4,83.93,4.0
2003-12-11 11:00:00,Darchula,29.85,80.54,4.1
2003-12-19 11:00:00,Illam,27.06,87.97,4.2
2004-01-03 11:00:00,"Listikot, Sindhupalchok",27.76,86.07,4.5
2004-01-03 11:00:00,"Listikot, Sindhupalchok",27.87,86.06,5.5
2004-01-07 11:00:00,"Darkha, Dhading",28.07,85.0,4.0
2004-02-02 11:00:00,"Tolideval, Bajura",29.32,81.53,4.1
2004-02-14 11:00:00,"Brahmajali, Bhajhang",29.67,80.88,4.3
2004-02-18 11:00:00,"Amjilesa, Taplejung",27.61,87.8,4.7
2004-03-17 11:00:00,"Amjilesa, Taplejung",27.67,87.82,4.1
2004-03-31 11:00:00,"Isabun,Terathum",27.18,87.63,4.6
2004-05-29 11:00:00,"Niseldhar, Baglung",28.58,82.96,4.3
2004-05-29 11:00:00,"Niseldhar, Baglung",28.55,82.96,4.9
2004-05-29 11:00:00,"Niseldhar, Baglung",28.59,82.98,4.3
2004-07-16 11:00:00,"Ghalegaun, Kaski",28.32,84.06,4.6
2004-07-20 11:00:00,"Listikot, Sindhupalchok",27.96,85.88,4.5
2004-08-22 11:00:00,"Kaseri, Rasuwa",28.03,85.24,4.1
2004-09-02 11:00:00,"Listikot, Sindhupalchowk",27.87,85.93,4.2
2004-09-12 11:00:00,"Shirkot, Mugu",29.51,81.84,4.4
2004-10-05 11:00:00,"Simle, Udayapur",26.83,86.55,4.1
2004-11-09 11:00:00,RahalGaun/Rukum,28.77,82.95,4.4
2004-11-17 11:00:00,"Kharibot, Lamjung",28.26,84.67,4.1
2004-12-26 11:00:00,"Sain, Bajura",29.9,81.63,4.3
2004-12-27 11:00:00,"Nagpa, Dolakaha",27.76,86.2,4.2
2005-01-16 11:00:00,Bajhang,29.81,81.04,4.5
2005-01-16 11:00:00,Bajhang,29.68,81.14,5.0
2005-02-08 11:00:00,Dolakha,27.76,86.07,5.0
2005-03-05 11:00:00,Lamjung,28.27,84.39,5.0
2005-03-19 11:00:00,Lamjung,28.25,84.39,5.4
2005-03-29 11:00:00,Lamjung,28.15,84.37,4.0
2005-03-29 11:00:00,Gorkha,28.11,84.77,4.4
2005-03-29 11:00:00,Gorkha,28.14,84.8,4.1
2005-03-29 11:00:00,Gorkha,28.04,84.74,4.0
2005-04-04 11:00:00,Myagdi,28.54,83.31,4.1
2005-04-04 11:00:00,Myagdi,28.56,83.18,4.1
2005-04-07 11:00:00,Kalikot,29.35,81.88,4.2
2005-04-15 11:00:00,Sindhupalchowk,27.92,85.71,4.1
2005-05-05 11:00:00,Taplejung,27.69,87.7,4.1
2005-07-27 11:00:00,Solukhumbu,27.47,86.842,4.3
2005-08-08 11:00:00,Sindhupalchowk,27.98,85.51,4.2
2005-08-28 11:00:00,Sankhuwasava,27.31,87.22,5.3
2005-10-29 11:00:00,Mugu,29.5,81.88,5.1
2005-10-31 11:00:00,Mugu,29.64,82.06,5.1
2005-10-31 11:00:00,Gorkha,28.65,84.83,4.5
2005-11-06 11:00:00,Mugu,29.61,82.02,5.1
2006-02-03 11:00:00,Khotang,27.18,86.8,5.4
2006-02-19 11:00:00,Baglung,28.24,83.89,4.7
2006-04-04 11:00:00,Sindhupalchowk,27.91,85.83,4.6
2006-05-05 11:00:00,Bajhang,29.43,81.26,4.8
2006-08-15 11:00:00,Sindhupalchowk,27.89,85.7,4.3
2006-08-30 11:00:00,Mustang,29.05,83.6,4.3
2006-09-17 11:00:00,Illam,26.98,87.8,4.2
2006-09-19 11:00:00,Bajura,29.62,81.54,5.0
2006-09-26 11:00:00,Darchula,30.1,80.83,4.5
2006-11-11 11:00:00,Tehrathum,27.21,87.63,4.2
2007-02-05 11:00:00,Darchula,30.1,81.05,4.2
2007-02-06 11:00:00,Myagdi,28.35,83.43,4.1
2007-02-06 11:00:00,Myagdi,28.36,83.43,4.2
2007-02-15 11:00:00,Bajhang,29.83,81.45,5.0
2007-03-10 11:00:00,Bajhang,29.47,81.73,4.5
2007-05-16 11:00:00,Nepal-India Border,27.5,88.08,4.6
2007-06-04 11:00:00,Nepal-India Border,27.44,83.89,4.2
2007-06-17 11:00:00,Dhading,27.83,84.91,4.3
2007-07-07 11:00:00,Rasuwa,28.08,85.3,4.0
2007-07-30 11:00:00,Bhojpur,27.27,87.02,4.1
2007-08-01 11:00:00,Mugu,29.49,81.91,4.6
2007-08-03 11:00:00,Panchthar,27.21,87.97,4.4
2007-08-03 11:00:00,Bhojpur,27.24,87.02,4.0
2007-08-03 11:00:00,Bhojpur,27.2,87.04,4.3
2007-08-03 11:00:00,Bhojpur,27.24,87.03,4.5
2007-08-06 11:00:00,Sindhupalchowk,27.84,85.69,4.1
2007-08-11 11:00:00,Taplejung,27.28,87.9,5.2
2007-09-07 11:00:00,Dolakha,27.72,86.26,4.1
2007-09-07 11:00:00,Rasuwa,28.05,85.33,4.2
2007-10-12 11:00:00,Dolakha,27.75,86.12,4.0
2007-10-29 11:00:00,Nuwakot,27.9,85.45,5.0
2007-11-05 11:00:00,Lamjung,28.2,84.45,4.5
2007-12-01 11:00:00,Rasuwa,28.05,85.28,4.1
2008-01-15 11:00:00,Okhaldhunga,27.37,86.53,4.1
2008-02-14 11:00:00,Taplejung,27.8,86.53,4.1
2008-02-16 11:00:00,Siraha,26.8,86.25,4.2
2008-03-02 11:00:00,Humla,29.69,81.76,4.4
2008-03-17 11:00:00,Bajhang-Bajura border,29.76,81.53,4.6
2008-05-08 11:00:00,Taplejung,27.5,87.52,4.2
2008-05-20 11:00:00,Baglung,28.33,83.33,4.3
2008-06-02 11:00:00,Sindhupalchowk,27.8,85.91,4.1
2008-06-15 11:00:00,Darchula,29.73,80.96,5.0
2008-06-20 11:00:00,Sindhupalchowk,27.98,85.73,4.8
2008-08-02 11:00:00,Bajura,28.18,85.29,4.4
2008-09-10 11:00:00,Baglung,28.4,83.01,4.1
2008-10-07 11:00:00,Taplejung,27.47,87.71,4.5
2008-12-01 11:00:00,Rasuwa,28.18,85.29,4.8
2008-12-02 11:00:00,Taplejung,27.3,87.99,4.0
2008-12-02 11:00:00,Taplejung,27.29,87.92,4.3
2008-12-02 11:00:00,Taplejung,27.34,87.92,4.1
2008-12-02 11:00:00,Taplejung,27.3,88.03,4.0
2008-12-02 11:00:00,Taplejung,27.32,87.99,5.4
2008-12-08 11:00:00,Humla,30.15,81.86,6.0
2008-12-19 11:00:00,Humla,30.1,81.91,4.4
2008-12-23 11:00:00,Lamjung,28.19,84.39,4.4
2008-12-26 11:00:00,Humla,30.09,81.9,4.5
2008-12-29 11:00:00,Humla,30.13,82.03,4.0
2009-01-10 11:00:00,Taplejung,27.9,88.04,4.2
2009-01-23 11:00:00,Achham,29.05,81.4,4.2
2009-03-08 11:00:00,Taplejung,27.41,87.8,4.5
2009-03-12 11:00:00,Lamjung,28.43,84.42,4.1
2009-04-13 11:00:00,Lamjung,28.3,84.55,4.0
2009-04-13 11:00:00,Lamjung,28.25,84.54,4.3
2009-05-14 11:00:00,Sankhuwasava,27.43,87.35,4.2
2009-05-14 11:00:00,Sankhuwasava,27.48,87.36,4.6
2009-07-12 11:00:00,Dolakha,27.71,86.36,4.3
2009-08-02 11:00:00,Rasuwa,28.12,85.18,4.0
2009-09-26 11:00:00,Humla,29.81,82.05,4.3
2009-10-29 11:00:00,Rukum,28.73,83.11,4.1
2009-11-01 11:00:00,Humla,30.1,81.81,4.5
2009-11-02 11:00:00,Taplejung,27.87,87.94,4.0
2009-11-08 11:00:00,Humla,30.11,81.91,4.3
2009-11-22 11:00:00,Jajarkot,29.02,82.15,4.5
2009-12-15 11:00:00,Lamjung,28.28,84.4,4.1
2009-12-16 11:00:00,Bajura,29.6,81.51,4.6
2010-01-18 11:00:00,Kaski,28.37,83.97,4.1
2010-02-17 11:00:00,Dhanusa,26.79,86.08,4.1
2010-02-25 11:00:00,Bajhang,29.78,81.52,4.6
2010-02-28 11:00:00,Baglung,28.4,81.52,4.1
2010-03-01 11:00:00,Bajura,29.76,83.11,4.3
2010-04-13 11:00:00,Bajura,29.37,81.34,4.5
2010-04-14 11:00:00,Baglung,28.31,83.09,4.2
2010-04-30 11:00:00,Dolakha,27.75,86.36,4.0
2010-05-13 11:00:00,Lamjung,28.3,84.51,4.2
2010-06-13 11:00:00,Bajura,29.4,81.38,4.5
2010-06-13 11:00:00,Solukhumbu,28.01,86.77,4.0
2010-06-13 11:00:00,Bajura,29.6,81.65,4.8
2010-09-01 11:00:00,Lamjung,28.23,84.37,4.0
2010-11-25 11:00:00,Salyan,28.38,82.32,4.5
2010-11-25 11:00:00,Baglung,28.44,83.17,4.7
2010-11-30 11:00:00,Mahottari,26.93,85.79,4.4
2010-12-05 11:00:00,Bajura,29.57,81.699,4.2
2010-12-18 11:00:00,Gorkha,28.18,84.79,4.1
2011-01-18 11:00:00,Humla,30.03,81.97,4.1
2011-01-18 11:00:00,Sindhupalchowk,27.8,85.94,4.3
2011-02-13 11:00:00,Bhojpur-Sankhuwasabha border,27.47,87.01,4.7
2011-02-22 11:00:00,Sankhuwasabha,27.57,87.01,4.2
2011-03-10 11:00:00,Rasuwa,28.02,85.24,4.3
2011-03-11 11:00:00,Kaski,28.31,83.8,4.3
2011-03-12 11:00:00,Kaski,28.31,83.78,4.4
2011-03-22 11:00:00,Pyuthan,28.11,82.74,4.2
2011-03-22 11:00:00,Kaski,28.35,83.96,4.0
2011-04-04 11:00:00,Darchula,29.92,80.54,5.7
2011-04-04 11:00:00,Darchula,30.0,80.81,4.1
2011-04-05 11:00:00,Darchula,29.74,80.37,4.1
2011-04-07 11:00:00,Sindhupalchowk,27.93,85.61,4.1
2011-06-03 11:00:00,Taplejung,27.6,88.03,5.2
2011-06-11 11:00:00,Rolpa,28.41,82.66,4.2
2011-06-11 11:00:00,Rolpa,28.4,82.55,4.1
2011-06-17 11:00:00,Humla,30.24,81.48,4.2
2011-06-18 11:00:00,Sankhuwasabha,27.83,87.35,4.3
2011-07-15 11:00:00,Sankhuwasabha,27.28,87.3,4.5
2011-07-29 11:00:00,Khotang,27.19,86.76,4.2
2011-08-02 11:00:00,Khotang,27.35,86.35,4.0
2011-08-09 11:00:00,Bajhang,29.9,81.31,4.3
2011-08-15 11:00:00,Ramechhap,27.44,86.27,5.0
2011-08-18 11:00:00,Lamjung,28.21,84.31,4.0
2011-08-19 11:00:00,Bajhang,29.7,81.34,4.9
2011-08-22 11:00:00,Kaski,28.29,83.96,4.0
2011-08-25 11:00:00,Rolpa,28.15,82.53,4.4
2011-08-27 11:00:00,Udayapur,26.94,86.6,5.0
2011-09-18 11:00:00,Taplejung-Sikkim Border,27.78,88.32,6.8
2011-10-01 11:00:00,Humla,30.16,81.81,4.7
2011-10-02 11:00:00,Bajura,29.55,81.68,4.2
2011-11-04 11:00:00,Parbat,28.34,83.66,4.0
2011-11-08 11:00:00,Sindhupalchowk,27.94,85.55,4.1
2011-11-13 11:00:00,Gorkha,28.2,84.93,5.0
2011-11-19 11:00:00,Dolakha,27.7,86.1,4.1
2011-11-23 11:00:00,Dailekh,28.91,81.68,4.2
2011-12-02 11:00:00,Rasuwa,28.05,85.34,4.2
2011-12-08 23:25:00,Pyuthan,27.97,82.86,4.0
2011-12-09 04:42:00,Taplejung,27.83,88.13,4.2
2011-12-14 02:05:00,Taplejung,27.72,88.09,4.9
2011-12-18 03:20:00,Taplejung,27.73,88.16,4.6
2011-12-30 07:55:00,Bajura,29.62,81.53,4.0
2012-01-11 14:44:00,Dailekh,28.89,81.89,4.2
2012-01-18 17:01:00,Siraha,26.63,86.4,4.5
2012-01-19 06:31:00,Humla,29.73,81.91,4.6
2012-01-24 09:52:00,Siraha,26.84,86.43,4.0
2012-02-05 01:51:00,Panchthar,27.25,88.07,4.0
2012-02-14 19:26:00,Taplejung-Sikkim Border,27.38,88.11,4.5
2012-02-14 19:33:00,Taplejung,27.33,88.03,4.4
2012-02-26 04:41:00,Bajhang-Darchula border,29.71,81.02,4.4
2012-02-26 04:53:00,Bajhang-Darchula border,29.86,81.05,4.9
2012-03-19 02:21:00,Karkigaun-Jajarkot,28.7,82.02,4.7
2012-04-11 08:37:00,Bajhang,29.55,81.24,4.3
2012-04-17 04:58:00,Salyan,28.5,82.06,4.2
2012-05-30 15:19:00,Taplejung,27.31,87.88,4.2
2012-06-09 13:39:00,Kaski,28.32,84.17,5.1
2012-06-11 10:20:00,Panchthar - Sikkim border,27.25,88.0,4.5
2012-06-15 22:00:00,Dailekh,28.99,81.58,4.2
2012-07-01 13:39:00,Panchthar - Sikkim border,27.27,88.05,4.0
2012-07-11 23:08:00,Southern Bajhang,29.43,81.03,4.9
2012-07-31 17:35:00,Southern Rukum,28.58,82.48,5.0
2012-07-31 17:43:00,Southern Rukum,28.53,82.42,4.8
2012-07-31 17:50:00,Southern Rukum,28.55,82.37,4.2
2012-08-06 07:38:00,Northern Taplejung,27.77,88.13,4.2
2012-08-23 22:15:00,Rolpa - Rukum border region,28.38,82.84,5.6
2012-08-23 22:27:00,Rolpa,28.39,82.73,4.4
2012-08-24 06:02:00,Rolpa,28.38,82.66,4.4
2012-08-24 09:40:00,Rolpa-Rukum border region,28.42,82.75,5.2
2012-08-28 14:16:00,Southeastern Dailekh,28.73,81.81,4.4
2012-08-29 01:39:00,Northern Rolpa,28.4,82.79,4.3
2012-08-30 19:56:00,Southern Rukum,28.61,82.43,4.5
2012-09-17 15:30:00,Southern Rukum,28.59,82.41,4.4
2012-10-22 12:41:00,Around Kanchanjunga,27.95,87.86,4.5
2012-11-11 00:24:00,Southern Bajhang,29.51,81.13,5.6
2012-11-12 18:27:00,Bajhang,29.55,81.31,4.5
2012-12-04 08:46:00,North East Jajarkot,28.88,82.34,4.0
2012-12-22 11:50:00,Rolpa and Pyuthan border,28.27,82.84,4.5
2013-01-02 23:27:00,Bajhang and Doti border,29.41,81.0,4.7
2013-01-09 13:29:00,Northern part of Bajura,29.82,81.7,5.5
2013-01-13 23:20:00,Siraha,26.84,86.22,4.0
2013-01-18 02:44:00,Bajhang,29.48,81.26,4.5
2013-02-07 06:53:00,Bajhang,29.42,81.05,4.0
2013-02-22 08:26:00,Baglung,28.39,83.18,4.1
2013-03-06 22:34:00,Rukum,28.57,82.27,5.4
2013-03-17 17:44:00,Dhanusha,26.74,86.08,4.2
2013-04-28 00:13:00,Northern Bajhang,29.87,81.26,4.9
2013-05-14 08:58:00,Mugu,29.56,82.0,4.3
2013-05-14 09:03:00,Mugu,29.68,82.0,4.4
2013-05-14 15:44:00,Western Mugu,29.65,81.98,4.5
2013-05-26 23:23:00,Sindhupalchok,27.72,85.91,4.2
2013-05-31 11:49:00,Northern Bajura,29.74,81.6,4.5
2013-06-09 21:56:00,Northern Khotang,27.31,86.7,4.2
2013-06-26 04:07:00,Dhanusha,26.85,85.96,4.4
2013-06-27 12:05:00,Darchula,30.05,80.8,4.4
2013-06-28 17:25:00,Rukum,28.76,82.4,5.5
2013-09-12 10:14:00,Dhankuta,26.96,87.34,4.5
2013-09-22 20:20:00,Humla,30.25,81.55,4.4
2013-10-13 03:28:00,Humla,30.08,81.74,4.5
2013-10-28 07:22:00,Sankhuwasava,27.36,87.37,4.3
2013-11-03 12:32:00,Bajura,29.56,81.68,4.3
2014-03-31 13:36:00,Humla,30.11,81.93,4.4
2014-04-11 23:07:00,Achham,29.29,81.26,4.2
2014-04-23 12:59:00,Taplejung,27.3,87.62,4.0
2014-05-20 00:21:00,Gorkha,28.32,84.73,4.3
2014-05-25 08:31:00,Kaski,28.23,84.09,4.1
2014-07-04 11:43:00,Taplejung,27.83,87.91,4.6
2014-07-07 22:22:00,Bajhang-Darchula border,29.73,80.93,4.2
2014-09-17 16:14:00,Taplejung,27.76,88.05,4.5
2014-11-25 21:34:00,Gorkha,28.25,84.94,4.5
2014-12-18 21:17:00,Solukhumbu,27.73,86.52,5.9
2015-01-06 07:11:00,Dailekh,29.07,81.51,4.5
2015-01-22 15:12:00,Doti,29.36,81.03,4.4
2015-01-31 01:29:00,Kaski,28.29,83.73,5.5
2015-02-14 04:36:00,Bhojpur,27.42,87.01,4.5
2015-04-21 01:37:00,Jajarkot,28.85,82.18,5.1
2015-04-22 12:59:00,Jajarkot,28.8,81.92,4.5
2015-04-23 07:42:00,Kaski,28.4,83.99,4.1
2015-04-25 01:06:00,Dolakha,27.69,86.02,4.9
2015-04-25 01:32:00,Kathmandu,27.68,85.32,4.1
2015-04-25 01:40:00,Sindhupalchowk,27.73,85.9,4.7
2015-04-25 01:53:00,Rasuwa,28.05,85.25,4.1
2015-04-25 02:06:00,Dolakha,27.6,86.09,4.5
2015-04-25 02:10:00,Sindhupalchowk,27.73,85.9,5.0
2015-04-25 02:21:00,Rasuwa,28.14,85.16,4.4
2015-04-25 02:47:00,Sindhupalchowk,27.95,85.56,4.2
2015-04-25 03:57:00,Sindhupalchowk,27.92,85.64,5.3
2015-04-25 04:16:00,Nuwakot,27.8,85.29,4.0
2015-04-25 05:04:00,Sindhupalchowk,27.77,85.83,4.1
2015-04-25 05:09:00,Sindhupalchowk,27.9,85.53,4.0
2015-04-25 05:10:00,Nuwakot,27.78,85.17,4.0
2015-04-25 05:25:00,Rasuwa,28.1,85.27,4.0
2015-04-25 05:31:00,Sindhupalchowk,27.78,85.98,4.1
2015-04-25 11:56:00,Gorkha,28.24,84.75,7.6
2015-04-25 12:30:00,Gorkha,28.28,84.72,6.6
2015-04-25 12:41:00,Rasuwa,28.13,85.65,5.7
2015-04-25 12:53:00,Rasuwa,28.2,85.75,5.3
2015-04-25 14:02:00,Sindhupalchowk,27.78,85.84,5.2
2015-04-25 14:05:00,Dhading,27.9,84.86,5.1
2015-04-25 14:14:00,Gorkha,28.18,84.95,5.2
2015-04-25 14:40:00,Kabre,27.65,85.63,5.7
2015-04-25 14:48:00,Nuwakot,27.91,85.33,5.3
2015-04-25 15:15:00,Sindhupalchowk,28.0,85.6,5.5
2015-04-25 15:28:00,Rasuwa,28.29,85.16,4.6
2015-04-25 16:08:00,Sindhupalchowk,27.87,85.8,4.1
2015-04-25 16:25:00,Sindhupalchowk,27.86,85.85,4.0
2015-04-25 16:50:00,Sindhupalchowk,27.91,85.5,4.6
2015-04-25 17:26:00,Rasuwa,28.14,85.28,4.1
2015-04-25 18:02:00,Nuwakot,28.0,85.4,4.9
2015-04-25 18:24:00,Dolakha,27.82,86.05,4.5
2015-04-25 18:29:00,Gorkha,28.16,84.71,5.5
2015-04-25 19:15:00,Rasuwa,28.1,85.2,4.7
2015-04-25 19:38:00,Nuwakot,27.79,85.16,4.1
2015-04-25 21:13:00,Rasuwa,28.29,85.16,4.6
2015-04-25 21:53:00,Sindhupalchowk,27.87,85.8,4.1
2015-04-26 00:41:00,Sindhupalchowk,27.89,85.6,5.0
2015-04-26 00:53:00,Dolakha,27.68,85.95,4.0
2015-04-26 02:02:00,Nuwakot,27.79,85.15,4.0
2015-04-26 02:14:00,Sindhupalchowk,27.72,85.97,4.5
2015-04-26 02:27:00,Gorkha,28.31,84.97,4.5
2015-04-26 03:32:00,Dolakha,27.65,85.97,4.0
2015-04-26 03:53:00,Kathmandu,27.67,85.3,4.0
2015-04-26 03:55:00,Sindhupalchowk,27.95,85.87,5.3
2015-04-26 04:27:00,Dolakha,27.83,86.06,4.0
2015-04-26 05:36:00,Sindhupalchowk,27.91,85.55,4.2
2015-04-26 05:59:00,Sindhupalchowk,27.94,85.55,4.1
2015-04-26 06:28:00,Kathmandu,27.71,85.43,4.6
2015-04-26 07:14:00,Sindhupalchowk,27.93,85.56,4.1
2015-04-26 07:34:00,Rasuwa,28.05,85.35,4.0
2015-04-26 07:37:00,Gorkha,28.14,84.71,4.2
2015-04-26 07:41:00,Sindhupalchowk,27.93,85.56,4.4
2015-04-26 07:53:00,Rasuwa,28.25,85.83,4.0
2015-04-26 07:59:00,Gorkha,28.24,84.82,4.3
2015-04-26 08:02:00,Sindhupalchowk,27.6,85.96,4.8
2015-04-26 08:34:00,Gorkha,27.98,84.99,4.0
2015-04-26 08:37:00,Sindhupalchowk,27.82,85.8,4.8
2015-04-26 10:46:00,Nuwakot,27.99,85.02,5.5
2015-04-26 11:10:00,Kathmandu,27.69,85.25,4.0
2015-04-26 11:11:00,Dolakha,27.67,86.07,4.5
2015-04-26 11:17:00,Rasuwa,28.05,85.34,4.0
2015-04-26 11:45:00,Kathmandu,27.67,85.28,4.0
2015-04-26 12:01:00,Nuwakot,27.84,85.12,4.0
2015-04-26 14:28:00,Gorkha,28.32,84.73,4.5
2015-04-26 14:40:00,Nuwakot,27.8,85.16,5.1
2015-04-26 14:51:00,Kavre,27.64,85.63,5.0
2015-04-26 16:20:00,Sindhupalchowk,28.04,85.5,4.5
2015-04-26 16:28:00,Gorkha,28.26,85.02,4.8
2015-04-26 18:39:00,Dolakha,27.84,86.05,6.9
2015-04-26 18:57:00,Sindhupalchowk,27.75,85.94,5.3
2015-04-26 20:10:00,Sindhupalchowk,27.79,86.0,4.8
2015-04-26 20:16:00,Sindhupalchowk,27.97,85.81,4.5
2015-04-26 21:12:00,Sindhupalchowk,27.77,85.91,4.5
2015-04-27 03:21:00,Kathmandu,27.67,85.29,4.5
2015-04-27 04:24:00,Sindhupalchowk,27.82,85.89,4.2
2015-04-27 05:15:00,Dhading,28.19,85.03,4.0
2015-04-27 06:24:00,Rasuwa,28.26,85.1,4.5
2015-04-27 09:22:00,Kathmandu,27.75,85.2,4.1
2015-04-27 10:00:00,Kavrepalanchowk,27.56,85.73,4.2
2015-04-27 10:02:00,Kavrepalanchowk,27.57,85.74,4.5
2015-04-27 10:12:00,Sindhupalchowk,27.82,85.76,4.4
2015-04-27 12:09:00,Nuwakot,27.77,85.12,4.7
2015-04-27 14:03:00,Kavrepalanchowk,27.67,85.55,4.2
2015-04-27 15:44:00,Rasuwa,28.24,85.23,4.3
2015-04-27 15:50:00,Sindhupalchowk,27.93,85.86,4.0
2015-04-27 21:02:00,Nuwakot,27.8,85.12,4.0
2015-04-28 03:52:00,Gorkha,28.2,84.78,4.0
2015-04-28 06:29:00,Gorkha,28.29,84.93,4.8
2015-04-28 08:44:00,Sindhupalchowk,27.92,85.51,4.2
2015-04-28 08:57:00,Sindhupalchowk,27.89,85.76,4.2
2015-04-28 09:56:00,Gorkha,28.1,84.65,4.2
2015-04-28 10:50:00,Sindhupalchok,28.1,85.49,4.9
2015-04-28 13:30:00,Dolakha,27.81,86.09,4.2
2015-04-28 14:25:00,Sindhupalchowk,27.76,85.8,4.0
2015-04-28 17:53:00,Sindhupalchowk,27.96,85.55,4.0
2015-04-28 20:55:00,Sindhupalchowk,27.83,85.83,4.0
2015-04-28 22:29:00,Nuwakot,27.78,85.17,4.0
2015-04-28 22:48:00,Sindhupalchowk,27.88,85.88,4.2
2015-04-29 04:46:00,Gorkha,28.19,84.8,4.4
2015-04-29 10:34:00,Sindhupalchowk,27.93,85.63,4.0
2015-04-29 11:39:00,Nuwakot,27.79,85.14,4.2
2015-04-29 19:02:00,Nuwakot,28.04,85.37,4.0
2015-04-29 21:09:00,Dhading,27.86,84.89,4.5
2015-04-29 22:57:00,Sindhupalchowk,27.95,85.52,4.5
2015-04-30 05:04:00,Sindhupalchowk,27.92,85.87,4.3
2015-04-30 12:07:00,Dhading,27.93,84.83,4.7
2015-04-30 14:16:00,Rasuwa,28.05,85.34,4.7
2015-04-30 19:14:00,Dolakha,27.65,86.09,4.1
2015-05-01 02:12:00,Sindhupalchowk,27.88,85.87,4.2
2015-05-01 05:44:00,Rasuwa,28.04,85.32,4.0
2015-05-01 06:43:00,Dolakha,27.7,85.98,4.2
2015-05-01 08:41:00,Kathmandu,27.68,85.3,4.0
2015-05-01 16:20:00,Sindhupalchowk,27.75,85.95,4.0
2015-05-01 17:13:00,Rasuwa,28.04,85.33,4.5
2015-05-01 23:22:00,Dolakha,27.74,85.99,4.0
2015-05-02 02:46:00,Dolakha,27.66,86.01,4.1
2015-05-02 09:40:00,Sindhupalchowk,27.95,85.73,4.2
2015-05-02 11:40:00,Dolakha,27.74,86.28,4.3
2015-05-02 15:17:00,Sindhupalchowk,27.93,85.5,4.2
2015-05-02 16:58:00,Sindhupalchowk,27.72,85.74,4.0
2015-05-02 17:05:00,Gorkha,28.24,84.76,5.1
2015-05-03 00:43:00,Sindhupalchowk,27.89,85.73,4.0
2015-05-03 02:12:00,Sindhupalchowk,28.09,85.72,4.2
2015-05-03 04:24:00,Dhading,28.05,84.94,4.0
2015-05-03 09:14:00,Sindhupalchowk,27.69,85.93,4.5
2015-05-03 11:32:00,Gorkha,28.08,85.04,4.0
2015-05-03 13:45:00,Dhading,27.98,84.87,4.1
2015-05-03 16:31:00,Dhading,27.94,84.83,4.5
2015-05-03 23:05:00,Nuwakot,27.8,85.11,4.9
2015-05-04 10:44:00,Sindhupalchowk,27.75,85.87,4.2
2015-05-04 12:45:00,Dolakha,27.69,85.99,4.3
2015-05-04 15:39:00,Nuwakot,27.97,85.21,4.2
2015-05-04 16:18:00,Nuwakot,27.79,85.16,4.0
2015-05-04 16:21:00,Nuwakot,27.8,85.16,4.1
2015-05-04 19:02:00,Gorkha,28.12,84.8,4.0
2015-05-04 20:19:00,Dolakha,27.79,86.23,4.7
2015-05-04 21:25:00,Sindhupalchowk,27.95,85.86,4.4
2015-05-04 23:47:00,Dolakha,27.74,86.0,4.2
2015-05-05 12:24:00,Dhading,28.06,85.05,4.0
2015-05-05 22:08:00,Dolakha,27.74,86.03,4.3
2015-05-05 22:45:00,Sindhupalchowk,27.96,86.0,4.2
2015-05-06 04:04:00,Rasuwa,28.04,85.26,4.0
2015-05-06 23:47:00,Gorkha,28.01,84.68,4.2
2015-05-07 04:00:00,Nuwakot,27.92,85.46,4.0
2015-05-07 09:26:00,Nuwakot,27.75,85.19,4.2
2015-05-07 13:41:00,Nuwakot,27.79,85.16,4.0
2015-05-08 08:04:00,Sindhupalchowk,27.94,85.58,4.0
2015-05-08 12:02:00,Dolakha,27.69,86.04,5.0
2015-05-08 14:04:00,Sindhupalchowk,27.75,85.91,4.2
2015-05-08 19:17:00,Sindhupalchowk,27.77,85.88,4.8
2015-05-08 20:50:00,Nuwakot,28.01,85.41,4.2
2015-05-09 08:53:00,Rasuwa,28.04,85.2,4.1
2015-05-10 08:29:00,Udayapur,26.94,86.67,4.0
2015-05-10 12:19:00,Sindhupalchowk,27.88,86.0,4.4
2015-05-10 16:53:00,Rasuwa,28.02,85.25,4.0
2015-05-10 21:08:00,kavre,27.65,85.56,4.2
2015-05-11 02:20:00,Sindhupalchowk,27.99,85.86,4.2
2015-05-11 05:39:00,Sindhupalchowk,27.91,85.75,4.0
2015-05-12 00:32:00,Sindhupalchok,27.89,85.88,4.4
2015-05-12 00:38:00,Dolakha,27.72,85.97,4.0
2015-05-12 01:13:00,Sindhupalchok,27.78,85.85,4.3
2015-05-12 01:27:00,Dolakha,27.84,86.23,4.4
2015-05-12 04:02:00,Dolakha,27.68,86.04,4.2
2015-05-12 04:58:00,Ramechhap,27.58,86.41,4.3
2015-05-12 05:52:00,Dhading,28.1,84.91,4.0
2015-05-12 07:53:00,Gorkha,28.16,84.9,4.1
2015-05-12 18:35:00,Dolakha,27.82,86.12,6.8
2015-05-12 18:47:00,Dolakha,27.84,86.17,5.8
2015-05-12 19:06:00,Dolakha,27.73,86.21,6.2
2015-05-12 19:13:00,Dolakha,27.69,86.24,5.0
2015-05-12 19:18:00,Dolakha,27.63,86.17,4.8
2015-05-12 19:31:00,Dolakha,27.68,86.04,4.3
2015-05-12 19:36:00,Sindhupalchok,27.8,85.94,5.1
2015-05-12 19:43:00,Sindhupalchok,27.8,85.83,5.3
2015-05-12 19:51:00,Dolakha,27.66,86.17,5.2
2015-05-12 19:54:00,Dolakha,27.79,86.11,5.0
2015-05-12 20:04:00,Sindhupalchok,27.88,85.94,4.8
2015-05-12 20:05:00,Dolakha,27.68,86.23,4.7
2015-05-12 20:09:00,Dolakha,27.69,86.21,4.7
2015-05-12 20:29:00,Dolakha,27.76,86.31,5.3
2015-05-12 20:32:00,Dolakha,27.8,86.12,4.7
2015-05-12 20:59:00,Dolakha,27.7,86.01,4.2
2015-05-12 21:14:00,Sindhupalchok,27.8,85.95,4.2
2015-05-12 21:34:00,Dolakha,27.68,86.03,4.4
2015-05-12 21:45:00,Ramechhap,27.57,86.29,4.8
2015-05-12 22:01:00,Dolakha,27.69,86.05,4.2
2015-05-12 22:05:00,Dolakha,27.73,86.11,5.0
2015-05-12 22:11:00,Dolakha,27.76,86.24,4.4
2015-05-12 22:36:00,Dolakha,27.62,86.16,4.7
2015-05-12 22:51:00,Dolakha,27.72,86.2,4.6
2015-05-12 23:28:00,Dolakha,27.71,86.0,4.3
2015-05-12 23:58:00,Dolakha,27.7,86.04,4.7
2015-05-13 03:06:00,Kavrepalanchok,27.64,85.7,4.0
2015-05-13 03:21:00,Dolakha,27.7,86.15,4.1
2015-05-13 07:52:00,Kathmandu,27.68,85.3,4.2
2015-05-13 08:55:00,Dhading,27.91,84.82,5.9
2015-05-13 09:27:00,Sindhupalchok,27.85,85.92,4.2
2015-05-13 10:23:00,Dolakha,27.82,86.47,4.3
2015-05-13 13:53:00,Dolakha,27.65,86.18,4.4
2015-05-13 14:13:00,Dolakha,27.75,86.25,4.4
2015-05-13 16:18:00,Dolakha,27.79,86.19,4.6
2015-05-13 17:56:00,Sindhupalchok,27.69,86.11,4.7
2015-05-13 18:07:00,Dolakha,27.79,86.07,4.8
2015-05-13 18:19:00,Dolakha,27.84,86.25,4.6
2015-05-13 18:23:00,Dolakha,27.68,86.17,5.1
2015-05-13 20:15:00,Dolakha,27.6,86.16,4.3
2015-05-13 21:22:00,Dolakha,27.85,86.29,4.0
2015-05-13 22:29:00,Dolakha,27.63,86.17,4.5
2015-05-14 01:28:00,Dolakha,27.75,86.14,4.0
2015-05-14 02:06:00,Rasuwa,28.06,85.35,4.5
2015-05-14 02:35:00,Dolakha,27.71,86.04,4.0
2015-05-14 03:25:00,Sindhupalchowk,27.84,85.84,4.0
2015-05-14 06:01:00,Dolakha,27.92,86.31,4.3
2015-05-14 08:58:00,Dolakha,27.66,86.07,4.1
2015-05-14 09:08:00,Dolakha,27.67,86.08,5.0
2015-05-14 14:37:00,Sindupalchok,27.8,85.82,4.0
2015-05-14 14:51:00,Dolakha,27.83,86.15,4.5
2015-05-14 21:05:00,Dolakha,27.62,86.09,4.2
2015-05-15 04:43:00,Dolakha,27.74,86.17,4.0
2015-05-15 09:23:00,Dolakha,27.63,86.25,4.1
2015-05-15 09:51:00,Dolakha,27.69,86.08,4.3
2015-05-15 13:12:00,Dhading,27.93,84.84,5.5
2015-05-15 16:36:00,Dhading,27.92,84.84,4.0
2015-05-15 20:54:00,Dolakha,27.61,86.2,4.5
2015-05-16 02:29:00,Dolakha,27.64,86.14,4.3
2015-05-16 08:00:00,Gorkha,28.07,84.7,4.0
2015-05-16 10:13:00,Dolakha,27.65,86.12,4.1
2015-05-16 10:23:00,Dolakha,27.66,86.09,4.1
2015-05-16 11:56:00,Nuwakot,27.97,85.48,4.0
2015-05-16 12:16:00,Gorkha,28.13,84.89,4.0
2015-05-16 15:09:00,Sindhupalchowk,27.7,85.85,4.2
2015-05-16 15:20:00,Lalitpur,27.45,85.31,4.2
2015-05-16 23:04:00,Dolakha,27.6,86.26,5.5
2015-05-17 02:25:00,Dolakha,27.84,86.24,4.4
2015-05-17 10:45:00,Dolakha,27.73,86.06,4.4
2015-05-17 17:15:00,Ramechhap,27.48,85.87,4.6
2015-05-18 00:12:00,Dhading,28.11,84.88,4.1
2015-05-18 14:56:00,Dolakha,27.71,86.07,4.2
2015-05-18 17:09:00,Dolakha,27.69,86.26,4.0
2015-05-19 10:19:00,Dolakha,27.66,86.03,4.3
2015-05-19 17:14:00,Sindhupalchowk,27.9,85.99,4.0
2015-05-19 22:29:00,Sindhupalchowk,27.92,86.04,4.2
2015-05-20 16:55:00,Dolakha,27.84,86.33,4.2
2015-05-20 20:32:00,Lalitput,27.52,85.26,4.4
2015-05-21 01:15:00,Dhading,28.02,84.98,4.0
2015-05-21 19:56:00,Dolakha,27.85,86.32,4.2
2015-05-21 20:41:00,Nuwakot,27.93,85.46,4.0
2015-05-22 00:34:00,Sindhupalchowk,27.78,85.93,4.0
2015-05-22 00:52:00,Humla,30.31,81.47,4.8
2015-05-22 02:29:00,Dolakha,27.69,86.16,4.1
2015-05-22 20:30:00,Nuwakot,27.79,85.14,4.2
2015-05-22 22:29:00,Nuwakot,28.05,85.08,4.8
2015-05-22 23:15:00,Dolakha,27.63,86.25,4.1
2015-05-23 04:11:00,Sindhupalchok,27.9,85.51,4.4
2015-05-23 18:59:00,Dolakha,27.74,86.2,4.2
2015-05-24 05:00:00,Dolakha,27.76,86.26,4.3
2015-05-24 12:51:00,Dolakha,27.67,86.18,4.2
2015-05-24 16:23:00,Dolakha,27.76,86.28,4.4
2015-05-24 17:31:00,Sindhupalchowk,27.84,86.0,4.2
2015-05-24 18:40:00,Dolakha,27.8,86.29,4.4
2015-05-25 04:01:00,Dolakha,27.74,86.19,4.4
2015-05-25 09:08:00,Gorkha,28.01,84.68,5.0
2015-05-25 16:45:00,Dolakha,27.71,86.07,4.1
2015-05-26 00:24:00,Dolakha,27.71,86.05,4.1
2015-05-26 01:45:00,Lalitpur,27.54,85.43,4.3
2015-05-26 04:37:00,Rasuwa,28.02,85.26,5.0
2015-05-26 19:56:00,Dolakha,27.84,86.24,4.3
2015-05-26 23:33:00,Dolakha,27.63,86.3,4.1
2015-05-27 04:14:00,Nuwakot,28.04,85.13,4.2
2015-05-27 17:48:00,Dolakha,27.59,86.2,4.2
2015-05-27 19:00:00,Sindhupalchowk,27.91,85.53,4.5
2015-05-27 19:01:00,Sindhupalchowk,27.89,85.53,4.6
2015-05-28 04:01:00,Sindhupalchowk,27.94,85.54,4.0
2015-05-28 08:52:00,Dhading,27.99,84.79,4.0
2015-05-28 09:25:00,Dhading,27.95,84.8,4.0
2015-05-28 10:57:00,Kathmandu,27.64,85.31,4.0
2015-05-28 11:14:00,Dolakha,27.77,86.25,4.2
2015-05-28 17:21:00,Dolakha,27.59,86.19,4.2
2015-05-28 17:59:00,Dolakha,27.59,86.16,4.1
2015-05-29 06:22:00,Dolakha,27.82,86.34,4.2
2015-05-29 11:05:00,Dhading,28.07,84.94,4.2
2015-05-29 14:15:00,Gorkha,28.17,84.72,4.0
2015-05-29 18:15:00,Dhading,28.01,84.84,4.8
2015-05-29 21:29:00,Dhading,28.0,84.98,5.2
2015-05-30 02:20:00,Rasuwa,28.01,85.19,4.0
2015-05-30 03:58:00,Nuwakot,27.79,85.17,4.5
2015-05-30 07:37:00,Dhading,27.75,85.21,4.0
2015-05-31 19:39:00,Lamjung,28.29,84.46,4.2
2015-06-01 04:35:00,Sindhupalchowk,27.98,85.51,4.0
2015-06-02 02:18:00,Humla,30.0,81.75,4.7
2015-06-02 10:48:00,Dolakha,27.78,86.2,4.0
2015-06-03 02:45:00,Sindhupalchowk,27.84,85.78,4.1
2015-06-03 13:37:00,Sindhupalchowk,27.79,85.87,4.5
2015-06-03 14:39:00,Dolakha,27.76,86.07,4.2
2015-06-03 17:38:00,Dolakha,27.7,86.26,4.5
2015-06-04 16:15:00,Dolakha,27.76,86.2,4.0
2015-06-05 10:02:00,Sindhupalchowk,27.79,85.78,4.1
2015-06-05 14:16:00,Kathmandu,27.7,85.22,4.0
2015-06-06 22:45:00,Dolakha,27.58,86.18,4.0
2015-06-07 11:02:00,Sindhupalchowk,27.9,85.64,4.6
2015-06-07 22:35:00,Dolakha,27.87,86.13,4.1
2015-06-10 02:50:00,Sindhupalchowk,27.87,85.81,4.1
2015-06-10 13:36:00,Sindhupalchowk,27.8,85.61,4.3
2015-06-10 14:51:00,Dolakha,27.62,86.1,4.2
2015-06-11 00:26:00,Dolakha,27.67,86.07,4.0
2015-06-11 10:02:00,Sindhupalchowk,27.8,85.78,4.6
2015-06-11 21:57:00,Sindhupalchowk,27.96,85.73,5.3
2015-06-12 01:22:00,Gorkha,28.21,84.81,4.6
2015-06-12 10:19:00,Dolakha,27.67,86.09,4.4
2015-06-13 07:03:00,Dolakha,27.73,86.16,5.2
2015-06-14 05:59:00,Nuwakot,27.8,85.15,4.2
2015-06-14 15:01:00,Dolakha,27.74,86.26,4.1
2015-06-15 15:52:00,Sindhupalchowk,27.87,85.72,4.1
2015-06-16 21:56:00,Dolakha,27.7,86.16,4.1
2015-06-17 05:58:00,Kathmandu,27.68,85.28,4.4
2015-06-17 06:14:00,Sindhupalchok,27.91,85.59,5.2
2015-06-17 06:26:00,Sindhupalchok,27.9,85.58,4.0
2015-06-18 08:24:00,Dhading,28.14,85.11,4.1
2015-06-19 01:50:00,Gorkha,28.26,84.92,4.0
2015-06-20 02:40:00,Gorkha,28.17,84.94,4.2
2015-06-20 18:08:00,Rukum,28.65,82.76,5.4
2015-06-21 19:26:00,Sindupalchok,27.8,86.0,4.3
2015-06-22 13:19:00,Dolakha,27.67,86.17,4.0
2015-06-24 14:59:00,Sindhupalchowk,27.85,85.75,4.0
2015-06-25 21:07:00,Nuwakot,27.78,85.17,4.3
2015-06-25 23:49:00,Dolakha,27.66,86.21,4.1
2015-06-25 23:51:00,Sindhupalchok,27.94,85.49,4.2
2015-06-26 14:45:00,Lalitpur,27.58,85.39,4.1
2015-06-26 18:02:00,Dolakha,27.74,86.28,4.2
2015-06-28 22:01:00,Sindhupalchok,27.92,85.66,4.3
2015-06-29 05:42:00,Ramechhap,27.35,86.2,5.0
2015-06-29 23:27:00,Sindhupalchowk,27.92,85.68,4.1
2015-06-29 23:34:00,Sindhupalchowk,27.93,85.64,4.0
2015-06-30 03:31:00,Kavre,27.55,85.79,4.4
2015-07-01 03:33:00,Sindhupalchowk,27.8,85.74,4.0
2015-07-01 09:12:00,Dolakha,27.71,86.12,4.0
2015-07-01 15:24:00,Nuwakot,28.06,85.14,4.0
2015-07-02 05:26:00,Kavre,27.67,85.54,4.1
2015-07-02 07:41:00,Sindhupalchowk,27.97,85.62,5.0
2015-07-04 01:49:00,Dhading,27.73,85.0,4.6
2015-07-05 01:27:00,Sindupalchok,27.86,85.87,4.4
2015-07-05 10:07:00,Dolakha,27.67,86.2,4.2
2015-07-06 10:48:00,Dolakha,27.69,86.2,4.3
2015-07-06 21:14:00,Sindhupalchok,27.96,85.75,4.4
2015-07-07 15:16:00,Bajura,29.69,81.74,4.6
2015-07-07 21:06:00,Baglung,28.48,83.13,4.2
2015-07-08 09:55:00,Sindhupalchok,27.92,85.68,4.2
2015-07-08 10:19:00,Dolakha,27.6,86.23,4.1
2015-07-09 17:59:00,Sindupalchok,27.89,85.73,4.4
2015-07-11 02:28:00,Dolakha,27.8,86.23,4.4
2015-07-13 16:01:00,Rasuwa,28.06,85.34,4.0
2015-07-13 17:39:00,Dolakha,27.63,86.09,4.2
2015-07-15 08:14:00,Darchula,29.8,80.73,4.1
2015-07-17 05:09:00,Gorkha,28.18,84.74,4.0
2015-07-21 08:09:00,Dolakha,27.86,86.39,4.3
2015-07-22 22:14:00,Kathmandu,27.7,85.32,4.6
2015-07-25 00:05:00,Dolakha,27.61,86.28,4.3
2015-07-25 20:04:00,Dolakha,27.66,86.0,4.5
2015-07-26 09:30:00,Dolakha,27.68,86.22,4.1
2015-07-26 10:03:00,Sindupalchok,27.85,85.75,4.0
2015-07-27 18:23:00,Nuwakot,27.94,85.48,4.2
2015-07-28 09:21:00,Sindupalchok,27.8,85.75,4.1
2015-07-28 18:38:00,Dolakha,27.68,86.04,4.0
2015-07-28 21:23:00,Dolakha,27.59,86.17,4.1
2015-07-30 20:18:00,Dolakha,27.66,86.09,4.5
2015-08-01 07:22:00,Sindupalchok,27.81,85.71,4.2
2015-08-05 13:59:00,Dolakha,27.64,86.07,4.3
2015-08-05 17:38:00,Dolakha,27.63,86.07,4.1
2015-08-06 20:36:00,Sindupalchok,27.86,85.76,4.1
2015-08-07 11:57:00,Kavre,27.5,85.5,4.4
2015-08-08 06:24:00,Sindupalchok,27.77,85.7,4.0
2015-08-08 21:25:00,Dolakha,27.69,86.26,4.1
2015-08-09 00:21:00,Humla,30.1,81.85,4.0
2015-08-09 07:55:00,Sindupalchok,27.94,85.52,4.1
2015-08-10 04:15:00,Gorkha,28.14,84.72,4.9
2015-08-11 10:42:00,Kathmandu,27.7,85.29,4.3
2015-08-13 01:49:00,Kathmandu,27.72,85.2,4.0
2015-08-14 18:47:00,Dolakha,27.59,85.97,4.3
2015-08-15 10:10:00,Dolakha,27.87,86.08,4.1
2015-08-15 23:56:00,Dolakha,27.71,86.05,4.8
2015-08-18 04:08:00,Dolakha,27.93,86.14,4.8
2015-08-20 11:47:00,Rasuwa,28.0,85.29,4.6
2015-08-21 12:21:00,Nuwakot,27.96,85.48,4.0
2015-08-23 14:47:00,Dolakha,27.87,86.17,5.1
2015-08-25 15:08:00,Dolakha,27.68,86.22,4.0
2015-08-26 13:31:00,Humla,30.11,81.53,4.1
2015-08-27 00:51:00,Sindhupalchowk,27.85,85.74,4.2
2015-08-27 06:07:00,Gorkha,28.12,84.89,4.1
2015-08-30 03:09:00,Dhading,27.92,84.94,4.3
2015-08-30 08:26:00,Dolakha,27.66,86.23,4.1
2015-08-30 19:02:00,Sindhupalchowk,27.72,85.75,5.0
2015-08-31 23:33:00,Sindhupalchowk,27.92,85.69,4.2
2015-09-02 04:51:00,Dolakha,27.64,86.19,4.4
2015-09-03 05:10:00,Sindhupalchowk,27.75,86.01,4.3
2015-09-09 18:23:00,Dolakha,27.82,86.24,4.0
2015-09-16 20:37:00,Dolakha,27.6,86.19,4.2
2015-09-20 04:05:00,Dolakha,27.76,86.37,4.0
2015-09-22 12:17:00,Dhading,27.74,85.07,4.5
2015-09-29 15:12:00,Darchula,29.83,80.6,4.6
2015-09-29 16:39:00,Sindhupalchowk,27.77,85.87,4.6
2015-10-05 13:18:00,Dolakha,27.71,86.15,4.8
2015-10-05 13:21:00,Dolakha,27.71,86.1,4.2
2015-10-06 17:47:00,Dolakha,27.69,86.09,4.2
2015-10-07 05:15:00,Dolakha,27.68,86.08,4.2
2015-10-08 13:00:00,Lalitpur,27.57,85.31,4.0
2015-10-08 21:58:00,Sindupalchowk,27.96,85.54,4.1
2015-10-16 14:28:00,Dolakha,27.71,86.16,4.2
2015-10-17 23:46:00,Dolakha,27.8,86.3,4.2
2015-10-31 09:28:00,Rasuwa,28.03,85.23,4.3
2015-11-12 15:45:00,Sindupalchok,27.99,85.65,4.2
2015-11-17 18:55:00,Rasuwa,28.02,85.28,4.3
2015-11-19 10:00:00,Sindupalchok,27.89,85.75,5.3
2015-11-19 17:44:00,Sindhupalchok,27.77,85.88,4.0
2015-11-20 13:45:00,Baglung,28.35,83.36,4.0
2015-11-22 19:11:00,Myagdi,28.43,83.3,4.1
2015-11-24 17:00:00,Nuwakot,27.87,85.29,4.0
2015-11-24 18:09:00,Gorkha,28.15,84.81,4.4
2015-11-25 00:42:00,Sindhupalchowk,27.87,85.77,4.1
2015-11-27 15:23:00,kavrepalanchok,27.63,85.53,4.1
2015-11-27 16:22:00,Panchthar,27.11,87.95,4.6
2015-11-30 06:10:00,Kathmandu,27.78,85.39,4.1
2015-12-07 07:27:00,Dolakha,27.86,86.19,4.0
2015-12-13 08:45:00,Dhading,28.04,85.02,4.1
2015-12-18 04:01:00,Bajura,29.44,81.69,5.5
2015-12-23 08:59:00,Dolakha,27.79,86.08,4.1
2015-12-26 10:33:00,Bajura,29.35,81.29,4.1
2015-12-28 03:52:00,Dolakha,27.7,86.12,4.2
2015-12-31 07:41:00,Sindhupalchowk,27.86,85.72,4.3
2016-01-02 03:15:00,Sindhupalchowk,28.01,85.8,4.2
2016-01-04 18:47:00,Dolakha,27.75,86.12,4.1
2016-01-09 23:28:00,Ramechhap,27.48,86.01,4.4
2016-01-15 18:50:00,Dolakha,27.63,86.25,4.1
2016-01-15 22:59:00,Dolakha,27.65,86.23,4.3
2016-01-22 01:07:00,Nuwakot,28.06,85.09,4.6
2016-01-27 02:27:00,Sindhupalchowk,27.83,85.83,4.4
2016-01-27 20:42:00,Siraha,26.68,86.27,4.2
2016-02-05 22:05:00,Sindhupalchowk,27.95,85.52,5.5
2016-02-10 22:12:00,Sindhupalchowk,27.84,85.71,4.6
2016-02-13 20:22:00,Sindhupalchowk,27.81,85.72,4.3
2016-02-20 03:54:00,Nuwakot,27.86,85.29,4.1
2016-02-21 23:54:00,Gorkha,28.08,84.76,5.5
2016-02-23 08:45:00,Sankhuwasava,27.47,87.15,4.5
2016-02-24 15:07:00,Sindhupalchok,27.8,85.74,5.4
2016-03-01 16:30:00,Sindhupalchowk,27.79,85.73,4.3
2016-03-06 07:10:00,Sindhupalchowk,27.69,85.93,4.0
2016-03-07 13:50:00,Humla,30.22,81.7,4.4
2016-03-11 15:13:00,Sindhupalchowk,27.9,85.87,4.2
2016-03-13 11:00:00,Dhading,27.83,84.9,4.8
2016-03-15 03:12:00,Sindhupalchowk,27.84,85.73,4.5
2016-03-17 10:59:00,Okhaldhunga,27.34,86.27,4.0
2016-03-24 05:26:00,Taplejung,27.75,88.04,4.1
2016-03-30 18:11:00,Sindhupalchowk,27.89,85.73,4.7
2016-03-31 04:26:00,Sindhupalchowk,27.93,85.59,4.0
2016-04-04 09:40:00,Bajhang,29.81,81.51,4.3
2016-04-04 10:16:00,Dolakha,27.72,86.09,4.7
2016-04-09 19:05:00,Lalitpur,27.65,85.31,4.5
2016-04-12 20:26:00,Dolakha,27.56,86.17,4.4
2016-04-22 12:41:00,Dolakha,27.72,86.29,4.0
2016-04-22 16:49:00,Sindhupalchowk,27.79,85.85,4.0
2016-04-24 02:16:00,Nuwakot,28.08,85.13,4.2
2016-04-26 15:18:00,Rasuwa,28.05,85.38,4.3
2016-04-30 12:28:00,Bajhang,29.54,81.1,4.2
2016-05-04 11:17:00,Kalikot,29.38,81.88,4.0
2016-05-05 10:31:00,Gorkha/Dhading,28.24,84.99,4.1
2016-05-11 07:04:00,Dhading,28.01,84.94,4.4
2016-05-11 14:37:00,Gorkha,28.01,84.68,4.5
2016-05-13 01:09:00,Dolakha,27.69,86.24,4.1
2016-05-14 05:05:00,Sindhupalchowk,27.97,85.55,4.3
2016-05-15 04:30:00,Sindhupalchowk,27.93,85.5,4.4
2016-05-24 00:54:00,Dhading,27.73,85.16,4.2
2016-05-28 15:24:00,Sindhupalchok,27.94,85.5,4.6
2016-06-03 05:10:00,Sindhupalchowk,27.96,85.62,4.4
2016-06-14 05:12:00,Gorkha,28.03,84.64,4.3
2016-06-21 11:34:00,Nuwakot,27.93,85.21,4.4
2016-06-22 18:45:00,Dolakha,27.76,86.34,4.1
2016-06-29 14:55:00,Bajhang,29.63,81.28,5.0
2016-06-29 15:11:00,Bajhang,29.63,81.24,4.2
2016-07-02 06:08:00,Bajhang,29.64,81.28,4.4
2016-07-07 14:44:00,Lamjung,28.31,84.35,4.3
2016-07-07 17:38:00,Sindhupalchowk,27.92,85.66,4.4
2016-07-08 04:08:00,Dolakha,27.84,86.16,4.1
2016-07-23 11:59:00,Gorkha,27.99,84.71,4.1
2016-08-27 17:48:00,Bajura,29.81,81.56,4.0
2016-09-05 06:22:00,Dolakha,27.82,86.14,4.1
2016-09-05 07:49:00,Dolakha,27.78,86.35,4.5
2016-09-18 22:57:00,Sindhupalchowk,27.91,85.77,4.6
2016-10-07 10:37:00,Dolakha,27.65,86.13,4.2
2016-10-11 12:53:00,Dolakha,27.67,85.95,4.6
2016-10-12 14:14:00,Dolakha,27.66,85.95,4.1
2016-10-15 18:22:00,Rasuwa,28.04,85.17,4.1
2016-10-17 10:03:00,Nuwakot,27.87,85.3,4.0
2016-11-06 21:47:00,Bajhang,29.69,81.05,4.0
2016-11-28 05:20:00,Ramechap/Solukhumbu,27.79,86.58,5.6
2017-01-03 00:26:00,Bajura,29.71,81.57,4.0
2017-02-04 17:58:00,Dolakha,27.73,86.08,4.4
2017-02-10 16:58:00,Darchula,29.88,80.61,4.1
2017-02-18 06:00:00,Dhading,27.79,84.8,4.0
2017-02-27 09:22:00,Ramechhap,27.36,86.12,4.6
2017-02-27 10:06:00,Ramechhap,27.38,86.13,4.7
2017-03-10 07:28:00,Humla,30.37,81.57,4.1
2017-04-24 17:04:00,Sindhupalchowk,27.86,85.77,4.2
2017-04-24 20:49:00,Bajhang,29.75,81.31,4.1
2017-05-30 23:23:00,Bajhang,29.64,80.97,4.1
2017-06-12 17:39:00,Dolakha,27.62,86.1,4.1
2017-06-14 09:27:00,Taplejung-Tibet Border,27.88,88.13,4.1
2017-06-28 00:09:00,Ramechhap,27.66,86.41,4.2
2017-07-02 07:43:00,Okhaldhunga,27.34,86.49,5.1
2017-07-15 22:20:00,Dailekh,28.94,81.75,4.0
2017-07-24 10:29:00,Dolakha,27.56,85.96,4.0
2017-08-21 17:48:00,Dolakha,27.66,86.27,4.6
2017-08-22 06:35:00,Bajhang,29.41,81.1,4.9
2017-08-24 16:25:00,Sindhupalchok-Tibet border,28.06,85.94,4.8
2017-09-21 13:04:00,Dolakha,27.62,86.25,4.6
2017-10-02 07:07:00,Rukum,28.83,82.55,4.1
2017-10-15 05:02:00,Myagdi,28.5,83.32,4.2
2017-10-26 18:36:00,Achham,29.08,81.45,4.0
2017-11-06 08:54:00,Bajhang,29.78,81.28,4.5
2017-12-08 08:36:00,Dolakha,27.63,86.19,5.2
2017-12-18 17:18:00,Sindhupalchowk,27.96,85.68,4.2
2017-12-28 13:30:00,Darchula,29.82,80.76,4.5
2018-01-19 08:38:00,Dolakha,27.72,86.01,4.3
2018-02-26 00:45:00,Dolakha,27.7,86.33,4.7
2018-03-02 10:51:00,Dolakha,27.7,86.33,4.6
2018-05-05 20:49:00,Taplejung,27.74,88.13,4.4
2018-05-24 20:10:00,Dharchula,29.98,80.54,4.6
2018-05-31 02:17:00,gorkha,28.17,84.89,4.1
2018-05-31 21:45:00,Dailekh,28.9,81.77,4.3
2018-06-01 21:07:00,Dolakha,27.68,86.11,4.3
2018-06-05 07:19:00,Bajura,29.68,81.65,4.9
2018-06-20 09:54:00,Taplejung,27.36,88.01,4.8
2018-06-20 10:00:00,Taplejung,27.31,87.9,4.7
2018-06-28 09:52:00,Dhading,27.87,84.91,5.0
2018-07-05 07:21:00,Dhading,28.11,85.04,4.1
2018-07-13 08:58:00,Bajura,29.57,81.56,4.1
2018-07-17 22:52:00,Dhading,27.82,84.81,4.4
2018-07-18 11:15:00,Dailekh,29.02,81.51,4.2
2018-07-24 08:30:00,Dhading,27.75,84.87,4.8
2018-07-24 17:44:00,Sindhupalchok,27.94,85.51,4.3
2018-08-02 14:32:00,Dolakha,27.66,86.1,4.2
2018-08-24 18:16:00,Taplejung,27.5,88.04,4.5
2018-08-29 23:35:00,Sankhuwasabha,27.79,87.41,4.2
2018-09-19 01:42:00,East Rukum,28.57,82.88,4.0
2018-10-05 12:53:00,Dailekh,28.94,81.74,4.0
2018-10-05 21:45:00,Dailekh,28.93,81.7,4.0
2018-10-06 10:52:00,Dailekh,28.94,81.72,4.3
2018-10-25 07:07:00,Sindhupalchok/Dolakha,27.72,86.02,4.0
2018-12-22 05:06:00,Sindhupalchok,27.85,85.76,4.7
2019-01-10 11:34:00,Ramechhap,27.6,86.31,4.5
2019-01-22 22:30:00,Bhojpur,27.09,86.96,4.5
2019-02-14 17:11:00,Taplejung,27.81,88.18,4.6
2019-02-16 20:34:00,Kathmandu,27.68,85.27,4.0
2019-02-26 16:15:00,Dolakha,27.66,86.0,4.4
2019-02-26 16:20:00,Sindhupalchok,27.84,85.95,4.1
2019-03-18 09:01:00,Makawanpur,27.63,85.16,4.1
2019-04-01 20:47:00,Dailekh,28.98,81.69,4.1
2019-04-09 13:05:00,Dolakha,27.76,86.27,4.2
2019-04-13 10:25:00,Rasuwa,28.03,85.38,4.6
2019-04-14 04:27:00,Bajhang,29.49,81.24,4.8
2019-04-16 12:35:00,Gorkha,28.0,84.76,4.5
2019-04-24 06:29:00,Dhading,27.69,85.17,5.2
2019-04-24 06:40:00,Dhading,27.7,85.14,4.3
2019-04-29 11:35:00,Sindhupalchowk,27.93,85.94,4.0
2019-05-04 08:37:00,Sindhupalchowk,27.94,85.72,4.0
2019-05-11 00:36:00,Dailekh,28.98,81.78,5.1
